freq,avg_temp,power
300,47.923087824351306,5.862396958920307
400,51.733996007984025,7.098500813488169
500,54.00925548902196,7.836502591314291
600,55.844201596806386,8.431684591893086
700,57.329107784431145,8.913327857421715
800,59.2488023952096,9.535998830752385
900,60.86905389221557,10.061542618298919
1000,62.62307984031936,10.630477405228467
